{"VNP02IMG.A2021182.0000.001.2021182064359.nc": "[\"BoundingBox\", {\"p0\": [-0.3717127740383148, -30.350109100341797], \"p1\": [33.83320617675781, -5.313173294067383]}]", "VNP02IMG.A2021182.0006.001.2021182064357.nc": "[\"BoundingBox\", {\"p0\": [-11.605066299438477, -51.01020050048828], \"p1\": [30.81998634338379, -25.4126033782959]}]", "VNP02IMG.A2021182.0012.001.2021182064400.nc": "[\"BoundingBox\", {\"p0\": [-34.74531936645508, -71.90731048583984], \"p1\": [35.42375564575195, -44.45659255981445]}]", "VNP02IMG.A2021182.0018.001.2021182064724.nc": "[\"BoundingBox\", {\"p0\": [1.4402608030650299e-05, -89.9986572265625], \"p1\": [-3.7231991427688627e-06, -60.621864318847656]}]", "VNP02IMG.A2021182.0024.001.2021182064722.nc": "[\"BoundingBox\", {\"p0\": [130.42367553710938, -87.33094787597656], \"p1\": [-81.25691986083984, -57.03832244873047]}]", "VNP02IMG.A2021182.0030.001.2021182064401.nc": "[\"BoundingBox\", {\"p0\": [178.2229461669922, -66.50778198242188], \"p1\": [-122.23670959472656, -39.756996154785156]}]", "VNP02IMG.A2021182.0036.001.2021182064359.nc": "[\"BoundingBox\", {\"p0\": [179.39244079589844, -45.62413787841797], \"p1\": [-141.1439208984375, -20.342910766601562]}]", "VNP02IMG.A2021182.0042.001.2021182064357.nc": "[\"BoundingBox\", {\"p0\": [175.92955017089844, -24.97801971435547], \"p1\": [-150.82347106933594, -0.08829233050346375]}]", "VNP02IMG.A2021182.0048.001.2021182064358.nc": "[\"BoundingBox\", {\"p0\": [170.5712127685547, -4.342453479766846], \"p1\": [-156.79176330566406, 20.622657775878906]}]", "VNP02IMG.A2021182.0054.001.2021182064403.nc": "[\"BoundingBox\", {\"p0\": [162.06101989746094, 16.16342544555664], \"p1\": [-160.7656707763672, 41.32082748413086]}]", "VNP02IMG.A2021182.0100.001.2021182064357.nc": "[\"BoundingBox\", {\"p0\": [146.09817504882812, 35.92325973510742], \"p1\": [-162.03207397460938, 62.13964080810547]}]", "VNP02IMG.A2021182.0106.001.2021182064721.nc": "[\"BoundingBox\", {\"p0\": [110.04924774169922, 53.9789924621582], \"p1\": [-138.3211212158203, 83.15142059326172]}]", "VNP02IMG.A2021182.0112.001.2021182064724.nc": "[\"BoundingBox\", {\"p0\": [8.796730071480852e-06, 63.31032943725586], \"p1\": [-1.4444856333284406e-06, 89.99800872802734]}]"}